<?xml version="1.0" encoding="UTF-8"?>
<project-private xmlns="http://www.netbeans.org/ns/project-private/1">
    <editor-bookmarks xmlns="http://www.netbeans.org/ns/editor-bookmarks/2" lastBookmarkId="0"/>
    <open-files xmlns="http://www.netbeans.org/ns/projectui-open-files/2">
        <group>
            <file>file:/C:/Users/sogol/Downloads/Hotel340/Practice/src/controller/LoginController.java</file>
            <file>file:/C:/Users/sogol/Downloads/Hotel340/Practice/src/practice/Main.java</file>
            <file>file:/C:/Users/sogol/Downloads/Hotel340/Practice/src/Views/signup.fxml</file>
            <file>file:/C:/Users/sogol/Downloads/Hotel340/Practice/src/Views/login.fxml</file>
            <file>file:/C:/Users/sogol/Downloads/Hotel340/Practice/src/Model/model.java</file>
            <file>file:/C:/Users/sogol/Downloads/Hotel340/Practice/src/Views/reservation.fxml</file>
            <file>file:/C:/Users/sogol/Downloads/Hotel340/Practice/src/controller/ReservationController.java</file>
            <file>file:/C:/Users/sogol/Downloads/Hotel340/Practice/src/controller/SearchController.java</file>
            <file>file:/C:/Users/sogol/Downloads/Hotel340/Practice/src/controller/SignupController.java</file>
            <file>file:/C:/Users/sogol/Downloads/Hotel340/Practice/src/database/Connect.java</file>
            <file>file:/C:/Users/sogol/Downloads/Hotel340/Practice/src/Views/search.fxml</file>
        </group>
    </open-files>
</project-private>
